name;kind;units;equation;vensim_comment;views;inputs;outputs;n_inputs;n_outputs;priority;purpose;logic;assumption;source;calibration;interpretation;status;suggested_priority;suggested_reason;needs_source;needs_assumption
Aggricultural Land;stock;km2;INTEG (-Land Conversion Rate, Initial Aggricultural Land);"Aggricultural Land
 
 Stock fźr die landwirtschaftliche FlŠche.
 
 Aggricultural Land sinkt, wenn FlŠche in urbane Nutzung
 umgewandelt wird. Deshalb geht Land Conversion Rate mit
 negativem Vorzeichen in diesen Stock ein.";"08_Agriculture_and_Scarcity; Macro_Ebene";"Initial Aggricultural Land; Land Conversion Rate";"Aggricultural Land Requirement; Agricultural Scarcity Index; Food Production; Max Feasible Conversion";2;4;high;;;;;;;todo;high;"zentrale Variable aus empfohlener Startliste; stock sollte fachlich erklaert werden; stark vernetzt";WAHR;WAHR
Agricultural Rent;stock;EUR/km2;INTEG (Agricultural Rent Change, Initial Agricultural Rent);"Agricultural Rent
 
 Stock fźr die landwirtschaftliche Bodenrente.
 
 Die Variable passt sich źber Agricultural Rent Change
 schrittweise an Desired Agricultural Rent an.
 
 Agricultural Rent wird spŠter in der AMM- und
 Urban-Land-Conversion-Logik verwendet.";"05_AMM_Budget_and_Housing_Demand; 08_Agriculture_and_Scarcity; 09_Urban_Land_Conversion_Logic";"Agricultural Rent Change; Initial Agricultural Rent";"AMM Fringe Condition Gap; Agricultural Rent Change; Current Fringe Rent Gap; Desired Agricultural Rent; Rent Gap Pressure Factor; Urban Fringe Radius";2;6;high;;;;;;;todo;high;"zentrale Variable aus empfohlener Startliste; stock sollte fachlich erklaert werden; stark vernetzt";WAHR;WAHR
Agricultural Rent Change;flow;(EUR/km2)/Year;(Desired Agricultural Rent - Agricultural Rent) / Agricultural Rent Adjustment Time;"Agricultural Rent Change
 
 Anpassungsrate der landwirtschaftlichen Bodenrente.
 
 Sie beschreibt, wie schnell Agricultural Rent auf den
 gewźnschten Rentenwert reagiert.";08_Agriculture_and_Scarcity;"Agricultural Rent; Agricultural Rent Adjustment Time; Desired Agricultural Rent";Agricultural Rent;3;1;high;;;;;;;todo;high;flow sollte fachlich erklaert werden;WAHR;WAHR
AMM Consistent Economic Land Conversion Demand;flow;km2/Year;Urban Land Gap / Urban Expansion Adjustment Time;"AMM Consistent Economic Land Conversion Demand
 
 AMM-basierte jŠhrliche Nachfrage nach zusŠtzlicher urbaner FlŠche.
 
 Sie ergibt sich aus dem Urban Land Gap geteilt durch die
 Anpassungszeit der urbanen Expansion.";09_Urban_Land_Conversion_Logic;"Urban Expansion Adjustment Time; Urban Land; Urban Land Gap";Land Conversion Pressure Factors;3;1;high;;;;;;;todo;high;"zentrale Variable aus empfohlener Startliste; flow sollte fachlich erklaert werden";WAHR;WAHR
Desired Agricultural Rent;auxiliary;EUR/km2;Initial Agricultural Rent * ( Relative Agricultural Scarcity ^ Agricultural Rent Sensitivity to Scarcity );"Desired Agricultural Rent
 
 Gewźnschte landwirtschaftliche Bodenrente.
 
 Sie steigt, wenn Relative Agricultural Scarcity źber 1 liegt.
 Die SensitivitŠt bestimmt, wie stark die Rente auf Knappheit
 reagiert.";08_Agriculture_and_Scarcity;"Agricultural Rent; Agricultural Rent Sensitivity to Scarcity; Initial Agricultural Rent; Relative Agricultural Scarcity";Agricultural Rent Change;4;1;high;;;;;;;todo;high;zentrale Variable aus empfohlener Startliste;FALSCH;FALSCH
Desired Mean Urban Rent;auxiliary;EUR/km2;Initial Mean Urban Rent * (Land Tightness Index ^ Urban Rent Sensitivity to Land Tightness);"Desired Mean Urban Rent
 
 Gewźnschte mittlere urbane Miete.
 
 Wenn Land Tightness Index źber 1 liegt, steigt der gewźnschte
 Mietwert. Wenn der Index unter 1 liegt, sinkt der gewźnschte
 Mietwert.
 
 Die SensitivitŠt bestimmt, wie stark die Miete auf Knappheit
 reagiert.";04_Urban_Rent_and_Land_Tightness;"Initial Mean Urban Rent; Land Tightness Index; Mean Urban Rent; Urban Rent Sensitivity to Land Tightness";Mean Urban Rent Change;4;1;high;;;;;;;todo;high;zentrale Variable aus empfohlener Startliste;FALSCH;FALSCH
Desired Urban Land Total;auxiliary;km2;Desired Urban Land * Urban Aggregate Scale Factor * Household Scaling Factor;"Desired Urban Land Total
 
 Gesamte gewźnschte urbane FlŠche.
 
 Die Variable ergibt sich aus der gewźnschten LandflŠche pro Haushalt
 multipliziert mit der Anzahl Haushalte.
 
 Sie ist der zentrale Nachfrageinput fźr die spŠtere
 Urban-Land-Conversion-View.";"05_AMM_Budget_and_Housing_Demand; 09_Urban_Land_Conversion_Logic";"Desired Urban Land; Household Scaling Factor; Urban Aggregate Scale Factor; Urban Land";Urban Land Gap;4;1;high;;;;;;;todo;high;zentrale Variable aus empfohlener Startliste;FALSCH;FALSCH
Expected Population;lookup;Person;WITH LOOKUP ( Time for Lookup, ([(2025,4.4e+08)-(2050,4.6e+08)], (2025,4.518e+08), (2029,4.533e+08), (2030,4.529e+08), (2035,4.509e+08), (2040,4.49e+08), (2045,4.47e+08), (2050,4.45e+08)));"Expected Population
 
 Exogener Bevšlkerungspfad des Modells.
 Die Bevšlkerung wird nicht mehr endogen durch Geburten,
 TodesfŠlle und Migration berechnet.
 
 Diese Lookup-Tabelle gibt die erwartete Bevšlkerung
 fźr den Simulationszeitraum vor.";"01_Population_Household; 08_Agriculture_and_Scarcity";Time for Lookup;"Number of Households; Population kcal demand";1;2;high;;;;;;;todo;high;"zentrale Variable aus empfohlener Startliste; lookup sollte fachlich erklaert werden";WAHR;WAHR
Food Production;flow;kcal/Year;Yield * Aggricultural Land;"Food Production
 
 JŠhrliche Nahrungsmittelproduktion.
 
 Die Variable ergibt sich aus dem landwirtschaftlichen Ertrag
 pro km2 multipliziert mit der verfźgbaren Aggricultural Land.";08_Agriculture_and_Scarcity;"Aggricultural Land; Yield";Import Dependence;2;1;high;;;;;;;todo;high;flow sollte fachlich erklaert werden;WAHR;WAHR
Income per Capita;stock;EUR/Person;INTEG (Income per Capita Growth, Initial Income per Capita);"Income per Capita
 
 Stock fźr das durchschnittliche Einkommen pro Person.
 Die Variable wŠchst źber Income per Capita Growth und wird
 durch Initial Income per Capita initialisiert.
 
 Sie bildet die Grundlage fźr das Haushaltseinkommen.";03_Income_and_Productivity;"Income per Capita Growth; Initial Income per Capita";"Income per Capita Growth; Mean Household Income";2;2;high;;;;;;;todo;high;"zentrale Variable aus empfohlener Startliste; stock sollte fachlich erklaert werden";WAHR;WAHR
Income per Capita Growth;flow;(EUR/Person)/Year;Income per Capita * Net Income Growth Rate;"Income per Capita Growth
 
 Wachstumsrate des Einkommens pro Person.
 Sie ergibt sich aus dem aktuellen Einkommen pro Person
 multipliziert mit der effektiven jŠhrlichen Einkommenswachstumsrate.";03_Income_and_Productivity;"Income per Capita; Net Income Growth Rate";Income per Capita;2;1;high;;;;;;;todo;high;flow sollte fachlich erklaert werden;WAHR;WAHR
Innovation Index;auxiliary;Dmnl;Total Urban Innovation Potential / Reference Total Innovation Potential;Relativer Innovationsindex. Er vergleicht das aktuelle Total Urban Innovation Potential mit dem initialen Referenzwert.;"03_Income_and_Productivity; 08_Agriculture_and_Scarcity; 11_Innovation_and_City_Size";"Reference Total Innovation Potential; Total Urban Innovation Potential";"Urban Productivity Effect; Yield";2;2;high;;;;;;;todo;high;zentrale Variable aus empfohlener Startliste;FALSCH;FALSCH
Innovation Large;auxiliary;Dmnl;Equivalent Number of Large Cities * Representative Large City Size ^ Urban Scaling Exponent Large;Innovationsbeitrag der grossen Stadtklasse. Der Wert folgt der Urban-Scaling-Logik, bei der Innovation źberproportional mit der Stadtgršsse skaliert.;11_Innovation_and_City_Size;"Equivalent Number of Large Cities; Representative Large City Size; Urban Scaling Exponent Large";Total Urban Innovation Potential;3;1;high;;;;;;;todo;low;"technisch extrahiert; vermutlich nur bei Bedarf vertiefen";FALSCH;FALSCH
Innovation Medium;auxiliary;Dmnl;Equivalent Number of Medium Cities * Representative Medium City Size ^ Urban Scaling Exponent Medium;Innovationsbeitrag der mittleren Stadtklasse. Der Wert folgt der Urban-Scaling-Logik, bei der Innovation źberproportional mit der Stadtgršsse skaliert.;11_Innovation_and_City_Size;"Equivalent Number of Medium Cities; Representative Medium City Size; Urban Scaling Exponent Medium";Total Urban Innovation Potential;3;1;high;;;;;;;todo;low;"technisch extrahiert; vermutlich nur bei Bedarf vertiefen";FALSCH;FALSCH
Innovation Small;auxiliary;Dmnl;Equivalent Number of Small Cities * Representative Small City Size ^ Urban Scaling Exponent Small;Innovationsbeitrag der kleinen Stadtklasse. Der Wert folgt der Urban-Scaling-Logik, bei der Innovation źberproportional mit der Stadtgršsse skaliert.;11_Innovation_and_City_Size;"Equivalent Number of Small Cities; Representative Small City Size; Urban Scaling Exponent Small";Total Urban Innovation Potential;3;1;high;;;;;;;todo;low;"technisch extrahiert; vermutlich nur bei Bedarf vertiefen";FALSCH;FALSCH
Innovation very Large;auxiliary;Dmnl;Equivalent Number of Very Large Cities * Representative Very Large City Size ^ Urban Scaling Exponent very Large;Innovationsbeitrag der sehr grossen Stadtklasse. Der Wert folgt der Urban-Scaling-Logik, bei der Innovation źberproportional mit der Stadtgršsse skaliert.;11_Innovation_and_City_Size;"Equivalent Number of Very Large Cities; Representative Very Large City Size; Urban Scaling Exponent very Large";Total Urban Innovation Potential;3;1;high;;;;;;;todo;low;"technisch extrahiert; vermutlich nur bei Bedarf vertiefen";FALSCH;FALSCH
Land Conversion Pressure Factors;flow;km2/Year;AMM Consistent Economic Land Conversion Demand;"Land Conversion Pressure Factors
 
 Gesamter modellierter Umwandlungsdruck ohne Soil Protection.
 
 Die AMM-basierte Umwandlungsnachfrage wird durch den
 Rent Gap Pressure Factor verstŠrkt.";"09_Urban_Land_Conversion_Logic; Macro_Ebene";AMM Consistent Economic Land Conversion Demand;Land Conversion Rate;1;1;high;;;;;;;todo;high;"zentrale Variable aus empfohlener Startliste; flow sollte fachlich erklaert werden";WAHR;WAHR
Land Conversion Rate;flow;km2/Year;MIN( Land Conversion Pressure Factors, Max Feasible Conversion );"Land Conversion Rate
 
 TemporŠrer Platzhalter fźr die Landumwandlungsrate.
 
 In dieser View wird nur gezeigt, wie die Rate Urban Land erhšht
 und Aggricultural Land reduziert.
 
 Die detaillierte Berechnung von Land Conversion Rate wird spŠter
 in der Urban-Land-Conversion-View modelliert.";Macro_Ebene;"Land Conversion Pressure Factors; Max Feasible Conversion";"Aggricultural Land; Urban Land";2;2;high;;;;;;;todo;high;"zentrale Variable aus empfohlener Startliste; flow sollte fachlich erklaert werden";WAHR;WAHR
Land Conversion Time Minimum;constant;Year;1;Minimal zulŠssige Anpassungszeit der Landumwandlung. Der Parameter verhindert unrealistisch schnelle oder numerisch instabile Landkonversion.;Macro_Ebene;;Max Feasible Conversion;0;1;high;;;;;;;todo;medium;Parameter/Konstante braucht Quelle oder Wertbegruendung;WAHR;FALSCH
Land Demand per Household q;auxiliary;km2/Household;ZIDZ(Housing Land Expenditure, Mean Urban Rent);"Land Demand per Household q
 
 Gewźnschte urbane LandflŠche pro Haushalt.
 
 Die Variable ergibt sich aus dem Wohnbudget pro Haushalt
 geteilt durch die mittlere urbane Miete pro km2.
 
 Je hšher das Wohnbudget oder je tiefer die Miete,
 desto hšher ist die Landnachfrage pro Haushalt.";"04_Urban_Rent_and_Land_Tightness; 05_AMM_Budget_and_Housing_Demand; 09_Urban_Land_Conversion_Logic";"Housing Land Expenditure; Mean Urban Rent";"Additional Urban Land Needed for Clearing; Household Capacity of Current Urban Land; Relative Land Demand per Household; Urban Fringe Radius; Urban Land Required for Households; Urban Rent at Current Fringe; Urban Rent at Fringe";2;7;high;;;;;;;todo;high;"zentrale Variable aus empfohlener Startliste; stark vernetzt";FALSCH;FALSCH
Land per Capita;constant;km2/Person;0.0003;Angenommener urbaner FlŠchenbedarf pro Person. Der Wert sollte konsistent mit der angenommenen Urban Population Density gewŠhlt werden.;05_AMM_Budget_and_Housing_Demand;;Land per Household;0;1;high;;;;;;;todo;low;"technisch extrahiert; vermutlich nur bei Bedarf vertiefen";FALSCH;FALSCH
Max Feasible Conversion;flow;km2/Year;Aggricultural Land / Land Conversion Time Minimum;"Max Feasible Conversion
 
 Maximal mšgliche Landumwandlung pro Zeiteinheit.
 
 Diese Variable verhindert, dass mehr landwirtschaftliche FlŠche
 umgewandelt wird, als im Modell verfźgbar ist.";Macro_Ebene;"Aggricultural Land; Land Conversion Time Minimum";Land Conversion Rate;2;1;high;;;;;;;todo;high;"zentrale Variable aus empfohlener Startliste; flow sollte fachlich erklaert werden";WAHR;WAHR
Mean Annual Housing Cost per Household;flow;EUR/Household/Year;Mean Annual Housing Cost per Capita * Mean Household Size;Durchschnittliche jŠhrliche Wohnkosten pro Haushalt. Sie ergeben sich aus den jŠhrlichen Wohnkosten pro Person multipliziert mit der Haushaltsgršsse.;05_AMM_Budget_and_Housing_Demand;"Mean Annual Housing Cost per Capita; Mean Household Size";;2;0;high;;;;;;;todo;high;flow sollte fachlich erklaert werden;WAHR;WAHR
Mean Household Size;stock;Person/Household;INTEG (Mean Household Size Change, Initial Mean Household Size);"Mean Household Size
 
 Shadow Variable aus View 01.
 Sie wird hier verwendet, um die Anzahl Pendler pro Haushalt
 zu berechnen.";"01_Population_Household; 02_Transport_and_Commuting; 03_Income_and_Productivity; 05_AMM_Budget_and_Housing_Demand";"Initial Mean Household Size; Mean Household Size Change";"Commuters per Household; Desired Mean Household Size; Land per Household; Mean Annual Housing Cost per Household; Mean Household Income; Mean Household Size Change; Number of Households; Reference Initial Land Demand per Household";2;8;high;;;;;;;todo;high;"zentrale Variable aus empfohlener Startliste; stock sollte fachlich erklaert werden; stark vernetzt";WAHR;WAHR
Mean Household Size Change;flow;Person/Household/Year;(Desired Mean Household Size - Mean Household Size) / Household Size Adjustment Time;"Mean Household Size Change
 
 Anpassungsrate der mittleren Haushaltsgršsse.
 Sie beschreibt, wie schnell sich Mean Household Size
 dem gewźnschten langfristigen Wert annŠhert.";01_Population_Household;"Desired Mean Household Size; Household Size Adjustment Time; Mean Household Size";Mean Household Size;3;1;high;;;;;;;todo;high;flow sollte fachlich erklaert werden;WAHR;WAHR
Mean Urban Rent;stock;EUR/km2;INTEG (Mean Urban Rent Change, Initial Mean Urban Rent);"Mean Urban Rent
 
 Stock fźr die mittlere urbane Miete.
 
 Die Variable passt sich źber Mean Urban Rent Change
 schrittweise an Desired Mean Urban Rent an.
 
 Mean Urban Rent wird spŠter in der AMM-Housing-Demand-View
 verwendet, um die Landnachfrage pro Haushalt zu berechnen.";"04_Urban_Rent_and_Land_Tightness; 05_AMM_Budget_and_Housing_Demand; 09_Urban_Land_Conversion_Logic";"Initial Mean Urban Rent; Mean Urban Rent Change";"Current Fringe Rent Gap; Desired Mean Urban Rent; Land Demand per Household q; Mean Urban Rent Change";2;4;high;;;;;;;todo;high;"zentrale Variable aus empfohlener Startliste; stock sollte fachlich erklaert werden; stark vernetzt";WAHR;WAHR
Mean Urban Rent Change;flow;(EUR/km2)/Year;(Desired Mean Urban Rent - Mean Urban Rent) / Urban Rent Adjustment Time;"Mean Urban Rent Change
 
 Anpassungsrate der mittleren urbanen Miete.
 
 Sie beschreibt, wie schnell Mean Urban Rent auf den gewźnschten
 Mietwert reagiert.";04_Urban_Rent_and_Land_Tightness;"Desired Mean Urban Rent; Mean Urban Rent; Urban Rent Adjustment Time";Mean Urban Rent;3;1;high;;;;;;;todo;high;flow sollte fachlich erklaert werden;WAHR;WAHR
Net Income Growth Rate;flow;Dmnl/Year;MIN( Maximum Income Growth Rate, MAX( Minimum Income Growth Rate, Base Income Growth Rate + Urban Productivity Effect ) );"Net Income Growth Rate
 
 Effektive jŠhrliche Einkommenswachstumsrate.
 
 Die Variable kombiniert die Basiswachstumsrate mit dem
 Urban Productivity Effect. Durch MIN und MAX wird die
 Wachstumsrate nach oben und unten begrenzt.";03_Income_and_Productivity;"Base Income Growth Rate; Maximum Income Growth Rate; Minimum Income Growth Rate; Urban Productivity Effect";Income per Capita Growth;4;1;high;;;;;;;todo;high;flow sollte fachlich erklaert werden;WAHR;WAHR
Number of Households;auxiliary;Household;Expected Population / Mean Household Size;Die Variable verbindet den exogenen Bevšlkerungspfad mit der Nachfrage nach WohnflŠche und urbanem Land. Je hšher die Bevšlkerung oder je kleiner die Haushaltsgršsse, desto mehr Haushalte entstehen.;"01_Population_Household; 04_Urban_Rent_and_Land_Tightness; 05_AMM_Budget_and_Housing_Demand; 09_Urban_Land_Conversion_Logic";"Expected Population; Mean Household Size";"Current Urban Land per Household; Household Clearing Gap; Household Scaling Factor; Reference Initial Number of Households; Urban Land Required for Households";2;5;high;;;;;;;todo;high;"zentrale Variable aus empfohlener Startliste; stark vernetzt";FALSCH;FALSCH
Population kcal demand;flow;kcal/Year;Caloric Baseline Need pP * Expected Population;"Population kcal demand
 
 Gesamter jŠhrlicher Kalorienbedarf der Bevšlkerung.
 
 Die Variable ergibt sich aus dem jŠhrlichen Kalorienbedarf pro Person
 multipliziert mit Expected Population.";08_Agriculture_and_Scarcity;"Caloric Baseline Need pP; Expected Population";"Import Dependence; Target Value: Populational Need of Kcal in Km2";2;2;high;;;;;;;todo;high;flow sollte fachlich erklaert werden;WAHR;WAHR
Reference Total Innovation Potential;auxiliary;Dmnl;INITIAL(Total Urban Innovation Potential);Referenzwert des gesamten Innovationspotenzials zu Beginn der Simulation. Dieser Wert dient zur Normalisierung des spŠteren Innovationsindex.;11_Innovation_and_City_Size;Total Urban Innovation Potential;Innovation Index;1;1;high;;;;;;;todo;low;"technisch extrahiert; vermutlich nur bei Bedarf vertiefen";FALSCH;FALSCH
Share Large City;constant;Dmnl;0.26;Anteil der urbanen Bevšlkerung in grossen StŠdten. Der Wert beschreibt eine vereinfachte Stadtgršssenverteilung und beeinflusst das modellierte Innovationspotenzial.;11_Innovation_and_City_Size;;Equivalent Number of Large Cities;0;1;high;;;;;;;todo;medium;Parameter/Konstante braucht Quelle oder Wertbegruendung;WAHR;WAHR
Share Medium City;constant;Dmnl;0.2;Anteil der urbanen Bevšlkerung in mittleren StŠdten. Der Wert beschreibt eine vereinfachte Stadtgršssenverteilung und beeinflusst das modellierte Innovationspotenzial.;11_Innovation_and_City_Size;;Equivalent Number of Medium Cities;0;1;high;;;;;;;todo;medium;Parameter/Konstante braucht Quelle oder Wertbegruendung;WAHR;WAHR
Share Small City;constant;Dmnl;0.28;Anteil der urbanen Bevšlkerung in kleinen StŠdten. Der Wert beschreibt eine vereinfachte Stadtgršssenverteilung und beeinflusst das modellierte Innovationspotenzial.;11_Innovation_and_City_Size;;Equivalent Number of Small Cities;0;1;high;;;;;;;todo;medium;Parameter/Konstante braucht Quelle oder Wertbegruendung;WAHR;WAHR
Share very Large City;constant;Dmnl;0.26;Anteil der urbanen Bevšlkerung in sehr grossen StŠdten. Der Wert beschreibt eine vereinfachte Stadtgršssenverteilung und beeinflusst das modellierte Innovationspotenzial.;11_Innovation_and_City_Size;;Equivalent Number of Very Large Cities;0;1;high;;;;;;;todo;medium;Parameter/Konstante braucht Quelle oder Wertbegruendung;WAHR;WAHR
Total Urban Innovation Potential;auxiliary;Dmnl;Innovation Large + Innovation Medium + Innovation Small + Innovation very Large;Aggregiertes Innovationspotenzial aller Stadtgršssenklassen. Der Wert ergibt sich aus der Summe der klassenspezifischen InnovationsbeitrŠge.;11_Innovation_and_City_Size;"Innovation Large; Innovation Medium; Innovation Small; Innovation very Large";"Innovation Index; Reference Total Innovation Potential";4;2;high;;;;;;;todo;high;"zentrale Variable aus empfohlener Startliste; stark vernetzt";FALSCH;FALSCH
Transport Cost per km;stock;EUR/km;INTEG (Transport Cost per km Change, Initial Transport Cost per km);"Transport Cost per km
 
 Stock fźr die durchschnittlichen Transportkosten pro Kilometer.
 Die Variable verŠndert sich źber die Zeit in Richtung eines
 langfristigen Zielwertes.
 
 Sie bildet die Grundlage fźr die spŠteren jŠhrlichen
 Transportkosten eines Haushalts.";02_Transport_and_Commuting;"Initial Transport Cost per km; Transport Cost per km Change";"Desired Transport Cost per km; Transport Cost per Household; Transport Cost per km Change; Transport Cost per km per Capita; Transport Cost per km per Household; Urban Fringe Radius; Urban Rent at Current Fringe; Urban Rent at Fringe";2;8;high;;;;;;;todo;high;"zentrale Variable aus empfohlener Startliste; stock sollte fachlich erklaert werden; stark vernetzt";WAHR;WAHR
Transport Cost per km Change;flow;(EUR/km)/Year;(Desired Transport Cost per km - Transport Cost per km) / Transport Cost Adjustment Time;"Transport Cost per km Change
 
 Anpassungsrate der Transportkosten pro Kilometer.
 Sie beschreibt, wie schnell sich Transport Cost per km
 dem gewźnschten langfristigen Wert annŠhert.";02_Transport_and_Commuting;"Desired Transport Cost per km; Transport Cost Adjustment Time; Transport Cost per km";Transport Cost per km;3;1;high;;;;;;;todo;high;flow sollte fachlich erklaert werden;WAHR;WAHR
Urban Land;stock;km2;INTEG (Land Conversion Rate, Initial Urban Land);"Urban Land
 
 Stock fźr die gesamte urbane FlŠche.
 
 Urban Land steigt, wenn landwirtschaftliche FlŠche in urbane
 Nutzung umgewandelt wird. Die VerŠnderung erfolgt źber
 Land Conversion Rate.";"04_Urban_Rent_and_Land_Tightness; 09_Urban_Land_Conversion_Logic; 11_Innovation_and_City_Size; Macro_Ebene";"Initial Urban Land; Land Conversion Rate";"AMM Consistent Economic Land Conversion Demand; Current Urban Land per Household; Current Urban Radius; Desired Urban Land Total; Household Capacity of Current Urban Land; Household Clearing Gap; Land Tightness Index; Reference Initial Desired Urban Land; Reference Initial Urban Land; Spatial Planning; Urban Aggregate Scale Factor; Urban Land Gap; Urban Land Index; Urban Population Total";2;14;high;;;;;;;todo;high;"zentrale Variable aus empfohlener Startliste; stock sollte fachlich erklaert werden; stark vernetzt";WAHR;WAHR
Urban Land Gap;auxiliary;km2;MAX(0, Desired Urban Land Total - Urban Land);"Urban Land Gap
 
 Differenz zwischen gewźnschter und aktuell vorhandener urbaner FlŠche.
 
 Die MAX-Funktion verhindert negative Werte. Wenn die aktuelle
 urbane FlŠche bereits gršsser ist als die gewźnschte FlŠche,
 entsteht kein zusŠtzlicher Umwandlungsdruck.";09_Urban_Land_Conversion_Logic;"Desired Urban Land; Desired Urban Land Total; Urban Land";AMM Consistent Economic Land Conversion Demand;3;1;high;;;;;;;todo;high;zentrale Variable aus empfohlener Startliste;FALSCH;FALSCH
Urban Population Density;constant;Dmnl;1500;Angenommene urbane Bevšlkerungsdichte. Der Wert kann an der EU-OECD-Definition eines Urban Centre mit 1'500 Personen pro km2 orientiert werden.;11_Innovation_and_City_Size;;Urban Population Total;0;1;high;;;;;;;todo;low;"technisch extrahiert; vermutlich nur bei Bedarf vertiefen";FALSCH;FALSCH
Urban Productivity Effect;flow;Dmnl/Year;Urban Productivity Elasticity * (Innovation Index - 1);"Urban Productivity Effect
 
 ZusŠtzlicher ProduktivitŠtseffekt auf das Einkommenswachstum.
 
 Wenn der Innovation Index źber 1 liegt, erhšht sich die
 Wachstumsrate. Wenn er unter 1 liegt, wird sie reduziert.";03_Income_and_Productivity;"Innovation Index; Urban Productivity Elasticity";Net Income Growth Rate;2;1;high;;;;;;;todo;high;flow sollte fachlich erklaert werden;WAHR;WAHR
Urban Scaling Exponent Large;constant;Dmnl;1.15;Urban-Scaling-Exponent der grossen Stadtklasse. Werte źber 1 bedeuten, dass Innovation źberproportional mit der Stadtgršsse steigt.;11_Innovation_and_City_Size;;Innovation Large;0;1;high;;;;;;;todo;medium;Parameter/Konstante braucht Quelle oder Wertbegruendung;WAHR;WAHR
Urban Scaling Exponent Medium;constant;Dmnl;1.15;Urban-Scaling-Exponent der mittleren Stadtklasse. Werte źber 1 bedeuten, dass Innovation źberproportional mit der Stadtgršsse steigt.;11_Innovation_and_City_Size;;Innovation Medium;0;1;high;;;;;;;todo;medium;Parameter/Konstante braucht Quelle oder Wertbegruendung;WAHR;WAHR
Urban Scaling Exponent Small;constant;Dmnl;1.15;Urban-Scaling-Exponent der kleinen Stadtklasse. Werte źber 1 bedeuten, dass Innovation źberproportional mit der Stadtgršsse steigt.;11_Innovation_and_City_Size;;Innovation Small;0;1;high;;;;;;;todo;medium;Parameter/Konstante braucht Quelle oder Wertbegruendung;WAHR;WAHR
Urban Scaling Exponent very Large;constant;Dmnl;1.15;Urban-Scaling-Exponent der sehr grossen Stadtklasse. Werte źber 1 bedeuten, dass Innovation źberproportional mit der Stadtgršsse steigt.;11_Innovation_and_City_Size;;Innovation very Large;0;1;high;;;;;;;todo;medium;Parameter/Konstante braucht Quelle oder Wertbegruendung;WAHR;WAHR
Yield;flow;kcal/km2/Year;"""Kcal per km^2 avg per t"" * Innovation Index";"Yield
 
 Landwirtschaftlicher Ertrag pro km2 und Jahr.
 
 Da Innovation noch nicht modelliert ist, entspricht Yield vorerst
 dem Basis-Ertrag ""Kcal per km^2 avg per t"".
 
 SpŠter kann Yield mit dem Innovation Index erweitert werden.";08_Agriculture_and_Scarcity;"Innovation Index; Kcal per km^2 avg per t";"Food Production; Target Value: Populational Need of Kcal in Km2";2;2;high;;;;;;;todo;high;flow sollte fachlich erklaert werden;WAHR;WAHR
Mean Household Income;auxiliary;EUR/Household;Income per Capita * Mean Household Size;"Mean Household Income
 
 Berechnetes durchschnittliches Haushaltseinkommen.
 
 Es ergibt sich aus Income per Capita multipliziert mit
 Mean Household Size. Diese Variable wird spŠter in der
 AMM-Budgetlogik verwendet.";"03_Income_and_Productivity; 04_Urban_Rent_and_Land_Tightness; 05_AMM_Budget_and_Housing_Demand";"Income per Capita; Mean Household Size";"Disposable Income after Transport; Urban Fringe Radius; Urban Rent at Current Fringe; Urban Rent at Fringe";2;4;medium;;;;;;;todo;medium;stark vernetzt;FALSCH;FALSCH
Other Consumption Per Household z;auxiliary;EUR/Household;(1 - Housing Preference Share Alpha) * Disposable Income after Transport;"Other Consumption Per Household z
 
 Teil des verfźgbaren Haushaltseinkommens, der nicht fźr Wohnen
 verwendet wird.
 
 Diese Variable reprŠsentiert den sonstigen Konsum im AMM-Budget
 und wird spŠter fźr den Cobb-Douglas Utility Index verwendet.";"04_Urban_Rent_and_Land_Tightness; 05_AMM_Budget_and_Housing_Demand; 07_Cobb_Douglas_Utility";"Disposable Income after Transport; Housing Preference Share Alpha";"Reference Other Consumption Per Household; Relative Other Consumption per Household; Urban Fringe Radius; Urban Rent at Current Fringe; Urban Rent at Fringe";2;5;medium;;;;;;;todo;medium;stark vernetzt;FALSCH;FALSCH
Reference Initial Land Demand per Household;auxiliary;km2/Household;INITIAL( Initial Mean Household Size * Reference Initial Land Demand per Capita );"Reference Initial Land Demand per Household
 
 Referenzwert der urbanen Landnachfrage pro Haushalt
 zu Beginn der Simulation.
 
 Dieser Wert dient als Vergleichswert fźr die aktuell
 verfźgbare urbane FlŠche pro Haushalt.";"04_Urban_Rent_and_Land_Tightness; 05_AMM_Budget_and_Housing_Demand";"Initial Mean Household Size; Mean Household Size; Reference Initial Land Demand per Capita";"Initial Mean Urban Rent; Land Tightness Index; Relative Land Demand per Household";3;3;medium;;;;;;;todo;medium;stark vernetzt;FALSCH;FALSCH
Transport Cost per km per Household;auxiliary;EUR/km/Household;Transport Cost per km per Capita * Commuters per Household;"Transport Cost per km per Household
 
 JŠhrliche Transportkosten pro Kilometer und Haushalt.
 Die Kosten pro Person werden mit der Anzahl Pendler pro
 Haushalt multipliziert.";"02_Transport_and_Commuting; 04_Urban_Rent_and_Land_Tightness; 05_AMM_Budget_and_Housing_Demand";"Commuters per Household; Transport Cost per km; Transport Cost per km per Capita";"Transport Cost per Household; Urban Fringe Radius; Urban Rent at Current Fringe; Urban Rent at Fringe";3;4;medium;;;;;;;todo;medium;stark vernetzt;FALSCH;FALSCH
Urban Aggregate Scale Factor;auxiliary;Dmnl;Reference Initial Urban Land / Reference Initial Desired Urban Land;Skalierungsfaktor, der die synthetische AMM-Stadt auf die aggregierte urbane FlŠche des Gesamtmodells skaliert.;05_AMM_Budget_and_Housing_Demand;"Desired Urban Land; Initial Urban Land; Reference Initial Desired Urban Land; Reference Initial Urban Land; Urban Land";Desired Urban Land Total;5;1;medium;;;;;;;todo;medium;stark vernetzt;FALSCH;FALSCH
Urban Fringe Radius;auxiliary;km;MAX( 0, ( Mean Household Income - Other Consumption Per Household z - Land Demand per Household q * Agricultural Rent ) / Transport Cost per km per Household );Theoretischer AMM-Stadtrand. Der Radius ergibt sich aus der Bedingung, dass die urbane Zahlungsbereitschaft am Rand der landwirtschaftlichen Rente entspricht.;05_AMM_Budget_and_Housing_Demand;"Agricultural Rent; Land Demand per Household q; Mean Household Income; Other Consumption Per Household z; Transport Cost per km; Transport Cost per km per Household";"Desired Urban Land; Urban Rent at Fringe";6;2;medium;;;;;;;todo;medium;stark vernetzt;FALSCH;FALSCH
Urban Population Total;auxiliary;Dmnl;Urban Land / Urban Population Density;Normalisierte urbane Gršssenvariable fźr den Innovation-Block. Sie wird aus Urban Land und Urban Population Density berechnet.;11_Innovation_and_City_Size;"Urban Land; Urban Population Density";"Equivalent Number of Large Cities; Equivalent Number of Medium Cities; Equivalent Number of Small Cities; Equivalent Number of Very Large Cities";2;4;medium;;;;;;;todo;medium;stark vernetzt;FALSCH;FALSCH
Urban Rent at Current Fringe;auxiliary;EUR/km2;( Mean Household Income - Other Consumption Per Household z - Transport Cost per km per Household * Current Urban Radius ) / Land Demand per Household q;Urbane Rente am aktuellen Stadtrand. Sie ergibt sich aus dem AMM-Budget nach Abzug des sonstigen Konsums und der distanzabhŠngigen Transportkosten.;04_Urban_Rent_and_Land_Tightness;"Current Urban Radius; Land Demand per Household q; Mean Household Income; Other Consumption Per Household z; Transport Cost per km; Transport Cost per km per Household";;6;0;medium;;;;;;;todo;medium;stark vernetzt;FALSCH;FALSCH
Urban Rent at Fringe;auxiliary;EUR/km2;( Mean Household Income - Other Consumption Per Household z - Transport Cost per km per Household * Urban Fringe Radius ) / Land Demand per Household q;Urbane Rente am theoretischen AMM-Fringe. Diese Variable dient zur Prźfung, ob der berechnete Fringe konsistent mit der Agricultural Rent ist.;05_AMM_Budget_and_Housing_Demand;"Land Demand per Household q; Mean Household Income; Other Consumption Per Household z; Transport Cost per km; Transport Cost per km per Household; Urban Fringe Radius";AMM Fringe Condition Gap;6;1;medium;;;;;;;todo;medium;stark vernetzt;FALSCH;FALSCH
Agricultural Rent Adjustment Time;constant;Year;5;"Agricultural Rent Adjustment Time
 
 Anpassungszeit der landwirtschaftlichen Bodenrente.
 
 Je hšher dieser Wert ist, desto langsamer passt sich
 Agricultural Rent an Desired Agricultural Rent an.";08_Agriculture_and_Scarcity;;Agricultural Rent Change;0;1;medium;;;;;;;todo;medium;Parameter/Konstante braucht Quelle oder Wertbegruendung;WAHR;FALSCH
Agricultural Rent Sensitivity to Scarcity;constant;Dmnl;1;"Agricultural Rent Sensitivity to Scarcity
 
 SensitivitŠt der landwirtschaftlichen Bodenrente gegenźber
 landwirtschaftlicher Knappheit.
 
 Ein hšherer Wert bedeutet, dass Desired Agricultural Rent stŠrker
 auf steigende Relative Agricultural Scarcity reagiert.";08_Agriculture_and_Scarcity;;Desired Agricultural Rent;0;1;medium;;;;;;;todo;medium;Parameter/Konstante braucht Quelle oder Wertbegruendung;WAHR;WAHR
Base Income Growth Rate;constant;Dmnl/Year;0.01;"Base Income Growth Rate
 
 Grundannahme fźr das jŠhrliche Einkommenswachstum.
 Dieser Wert gilt unabhŠngig vom zusŠtzlichen ProduktivitŠtseffekt.";03_Income_and_Productivity;;Net Income Growth Rate;0;1;medium;;;;;;;todo;medium;Parameter/Konstante braucht Quelle oder Wertbegruendung;WAHR;FALSCH
Caloric Baseline Need pP;constant;kcal/Person/Year;3400 * 365;"Caloric Baseline Need pP
 
 JŠhrlicher Kalorienbedarf pro Person.
 
 Der Wert wird aus einem angenommenen Tagesbedarf von 3400 kcal
 multipliziert mit 365 Tagen berechnet.";08_Agriculture_and_Scarcity;;Population kcal demand;0;1;medium;;;;;;;todo;medium;Parameter/Konstante braucht Quelle oder Wertbegruendung;WAHR;FALSCH
Commuting Share of Employed Persons;constant;Dmnl;0.957;"Commuting Share of Employed Persons
 
 Anteil der erwerbstŠtigen Personen, die regelmŠssig pendeln.
 Dieser Wert reduziert die erwerbstŠtigen Personen auf die
 tatsŠchlichen Pendler pro Haushalt.";02_Transport_and_Commuting;;Commuters per Household;0;1;medium;;;;;;;todo;medium;Parameter/Konstante braucht Quelle oder Wertbegruendung;WAHR;WAHR
Employment Share of Total Population;constant;Dmnl;0.439;"Employment Share of Total Population
 
 Anteil der Gesamtbevšlkerung, der erwerbstŠtig ist.
 Dieser Anteil wird verwendet, um aus der Haushaltsgršsse
 die potenzielle Anzahl erwerbstŠtiger Personen pro Haushalt
 abzuleiten.";02_Transport_and_Commuting;;Commuters per Household;0;1;medium;;;;;;;todo;medium;Parameter/Konstante braucht Quelle oder Wertbegruendung;WAHR;WAHR
Household Size Adjustment Time;constant;Year;8;"Household Size Adjustment Time
 
 Anpassungszeit der mittleren Haushaltsgršsse.
 Je hšher dieser Wert ist, desto langsamer bewegt sich
 Mean Household Size in Richtung des langfristigen Zielwertes.";01_Population_Household;;Mean Household Size Change;0;1;medium;;;;;;;todo;medium;Parameter/Konstante braucht Quelle oder Wertbegruendung;WAHR;FALSCH
Housing Preference Share Alpha;constant;Dmnl;0.15;"Housing Preference Share Alpha
 
 Anteil des verfźgbaren Haushaltseinkommens, der fźr Wohnen
 bzw. urbane Landnutzung verwendet wird.
 
 Ein Wert von 0.15 bedeutet, dass 15 Prozent des verfźgbaren
 Einkommens fźr Wohn- und Landkosten eingesetzt werden.";"05_AMM_Budget_and_Housing_Demand; 07_Cobb_Douglas_Utility";;"Cobb Douglas Utility Index; Housing Land Expenditure; Other Consumption Per Household z";0;3;medium;;;;;;;todo;medium;Parameter/Konstante braucht Quelle oder Wertbegruendung;WAHR;WAHR
Initial Aggricultural Land;constant;km2;1.6004e+06;"Initial Aggricultural Land
 
 Startwert der landwirtschaftlichen FlŠche zu Beginn der Simulation.
 
 Dieser Wert initialisiert den Stock Aggricultural Land.
 Die FlŠche sinkt, wenn Land in urbane Nutzung umgewandelt wird.";Macro_Ebene;;Aggricultural Land;0;1;medium;;;;;;;todo;medium;Parameter/Konstante braucht Quelle oder Wertbegruendung;WAHR;FALSCH
Initial Agricultural Rent;constant;EUR/km2;30000;"Initial Agricultural Rent
 
 Startwert der landwirtschaftlichen Bodenrente.
 
 Dieser Wert initialisiert den Stock Agricultural Rent.";08_Agriculture_and_Scarcity;;"Agricultural Rent; Desired Agricultural Rent";0;2;medium;;;;;;;todo;medium;Parameter/Konstante braucht Quelle oder Wertbegruendung;WAHR;FALSCH
Initial Income per Capita;constant;EUR/Person;41650;"Initial Income per Capita
 
 Startwert des durchschnittlichen Einkommens pro Person.
 Dieser Wert initialisiert den Stock Income per Capita
 zu Beginn der Simulation.";03_Income_and_Productivity;;Income per Capita;0;1;medium;;;;;;;todo;medium;Parameter/Konstante braucht Quelle oder Wertbegruendung;WAHR;FALSCH
Initial Mean Household Size;constant;Person/Household;2.3;"Initial Mean Household Size
 
 Startwert der durchschnittlichen Haushaltsgršsse.
 Dieser Wert initialisiert den Stock Mean Household Size
 zu Beginn der Simulation.";"01_Population_Household; 04_Urban_Rent_and_Land_Tightness";;"Mean Household Size; Reference Initial Land Demand per Household";0;2;medium;;;;;;;todo;medium;Parameter/Konstante braucht Quelle oder Wertbegruendung;WAHR;FALSCH
Initial Transport Cost per km;constant;EUR/km;0.47;"Initial Transport Cost per km
 
 Startwert der Transportkosten pro Kilometer.
 Dieser Wert initialisiert den Stock Transport Cost per km
 zu Beginn der Simulation.";02_Transport_and_Commuting;;Transport Cost per km;0;1;medium;;;;;;;todo;medium;Parameter/Konstante braucht Quelle oder Wertbegruendung;WAHR;FALSCH
Initial Urban Land;constant;km2;181700;"Initial Urban Land
 
 Startwert der urbanen FlŠche zu Beginn der Simulation.
 Dieser Wert initialisiert den Stock Urban Land.";Macro_Ebene;;"Urban Aggregate Scale Factor; Urban Land; Urban Land Index";0;3;medium;;;;;;;todo;medium;Parameter/Konstante braucht Quelle oder Wertbegruendung;WAHR;FALSCH
Kcal per km^2 avg per t;constant;kcal/km2/Year;1.8e+09;"Kcal per km^2 avg per t
 
 Basis-Ertrag landwirtschaftlicher FlŠche.
 
 Der Wert gibt an, wie viele Kilokalorien pro km2 und Jahr
 durch landwirtschaftliche Produktion erzeugt werden kšnnen.
 
 In dieser Modellversion wird dieser Wert vorerst ohne
 Innovationseffekt verwendet.";08_Agriculture_and_Scarcity;;Yield;0;1;medium;;;;;;;todo;medium;Parameter/Konstante braucht Quelle oder Wertbegruendung;WAHR;FALSCH
Long Run Transport Cost per km;constant;EUR/km;0.47;"Long Run Transport Cost per km
 
 Langfristig angenommene Transportkosten pro Kilometer.
 Dieser Wert dient als Zielwert fźr Transport Cost per km.";02_Transport_and_Commuting;;Desired Transport Cost per km;0;1;medium;;;;;;;todo;medium;Parameter/Konstante braucht Quelle oder Wertbegruendung;WAHR;FALSCH
Max Ceiling Soil Protection;constant;Dmnl;0.8;"Max Ceiling Soil Protection
 
 Maximale Reduktion der Landumwandlung durch Soil Protection.
 
 Ein Wert von 0.8 bedeutet, dass die Schutzlogik die spŠtere
 Land Conversion Rate maximal um 80 Prozent reduzieren kann.";10_Soil_Protection_and_Agricultural_Pressure;;Soil Protection Effect;0;1;medium;;;;;;;todo;medium;Parameter/Konstante braucht Quelle oder Wertbegruendung;WAHR;FALSCH
Maximum Income Growth Rate;constant;Dmnl/Year;0.03;"Maximum Income Growth Rate
 
 Obere Grenze fźr das jŠhrliche Einkommenswachstum.
 Sie verhindert, dass das Einkommen unrealistisch stark wŠchst.";03_Income_and_Productivity;;Net Income Growth Rate;0;1;medium;;;;;;;todo;medium;Parameter/Konstante braucht Quelle oder Wertbegruendung;WAHR;FALSCH
Mean Annual Housing Cost per Capita;constant;EUR/Person/Year;805 * 12;Durchschnittliche jŠhrliche Wohnkosten pro Person. Der Monatswert wird auf ein Jahr hochgerechnet.;05_AMM_Budget_and_Housing_Demand;;Mean Annual Housing Cost per Household;0;1;medium;;;;;;;todo;medium;Parameter/Konstante braucht Quelle oder Wertbegruendung;WAHR;FALSCH
Minimum Income Growth Rate;constant;Dmnl/Year;-0.02;"Minimum Income Growth Rate
 
 Untere Grenze fźr das jŠhrliche Einkommenswachstum.
 Sie erlaubt negatives Wachstum, begrenzt aber den maximalen Rźckgang.";03_Income_and_Productivity;;Net Income Growth Rate;0;1;medium;;;;;;;todo;medium;Parameter/Konstante braucht Quelle oder Wertbegruendung;WAHR;FALSCH
Reference Initial Land Demand per Capita;constant;km2/Person;0.000498;"Reference Initial Land Demand per Capita
 
 Referenzwert fźr die urbane Landnachfrage pro Person
 im Startzustand.
 
 0.000498 km2 entspricht 498 m2 pro Person.
 Dieser Wert dient zur Kalibrierung der anfŠnglichen
 Landnachfrage.";04_Urban_Rent_and_Land_Tightness;;Reference Initial Land Demand per Household;0;1;medium;;;;;;;todo;medium;Parameter/Konstante braucht Quelle oder Wertbegruendung;WAHR;FALSCH
Soil Protection Factor;constant;Dmnl;0.3;"Soil Protection Factor
 
 StŠrke der Schutzreaktion auf landwirtschaftliche Knappheit.
 
 Je hšher dieser Wert ist, desto stŠrker reduziert steigende
 landwirtschaftliche Knappheit die spŠtere Land Conversion Rate.";10_Soil_Protection_and_Agricultural_Pressure;;Soil Protection;0;1;medium;;;;;;;todo;medium;Parameter/Konstante braucht Quelle oder Wertbegruendung;WAHR;WAHR
Spatial Planing Factor;constant;Dmnl;1.0001;Szenarioparameter fźr rŠumliche Planung. Ein Wert von 1 bedeutet eine neutrale Planungsannahme ohne zusŠtzliche VerstŠrkung oder DŠmpfung.;10_Soil_Protection_and_Agricultural_Pressure;;Spatial Planning;0;1;medium;;;;;;;todo;medium;Parameter/Konstante braucht Quelle oder Wertbegruendung;WAHR;WAHR
Transport Cost Adjustment Time;constant;Year;5;"Transport Cost Adjustment Time
 
 Anpassungszeit der Transportkosten.
 Je hšher dieser Wert ist, desto langsamer bewegt sich
 Transport Cost per km in Richtung des langfristigen Zielwertes.";02_Transport_and_Commuting;;Transport Cost per km Change;0;1;medium;;;;;;;todo;medium;Parameter/Konstante braucht Quelle oder Wertbegruendung;WAHR;FALSCH
Urban Expansion Adjustment Time;constant;Year;10;"Urban Expansion Adjustment Time
 
 Anpassungszeit der urbanen Expansion.
 
 Je hšher dieser Wert ist, desto langsamer wird ein bestehender
 Urban Land Gap durch neue Landumwandlung geschlossen.";09_Urban_Land_Conversion_Logic;;AMM Consistent Economic Land Conversion Demand;0;1;medium;;;;;;;todo;medium;Parameter/Konstante braucht Quelle oder Wertbegruendung;WAHR;FALSCH
Urban Productivity Elasticity;constant;Dmnl/Year;0.005;"Urban Productivity Elasticity
 
 SensitivitŠt des Einkommenswachstums gegenźber dem Innovation Index.
 
 Je hšher dieser Wert ist, desto stŠrker wirkt sich Innovation
 auf die Einkommensentwicklung aus.";03_Income_and_Productivity;;Urban Productivity Effect;0;1;medium;;;;;;;todo;medium;Parameter/Konstante braucht Quelle oder Wertbegruendung;WAHR;WAHR
Urban Rent Adjustment Time;constant;Year;2;"Urban Rent Adjustment Time
 
 Anpassungszeit der urbanen Miete.
 
 Je hšher dieser Wert ist, desto langsamer passt sich
 Mean Urban Rent an Desired Mean Urban Rent an.";04_Urban_Rent_and_Land_Tightness;;Mean Urban Rent Change;0;1;medium;;;;;;;todo;medium;Parameter/Konstante braucht Quelle oder Wertbegruendung;WAHR;FALSCH
Urban Rent Sensitivity to Land Tightness;constant;Dmnl;1;"Urban Rent Sensitivity to Land Tightness
 
 SensitivitŠt der urbanen Miete gegenźber Landknappheit.
 
 Ein hšherer Wert bedeutet, dass Desired Mean Urban Rent stŠrker
 auf €nderungen im Land Tightness Index reagiert.";04_Urban_Rent_and_Land_Tightness;;Desired Mean Urban Rent;0;1;medium;;;;;;;todo;medium;Parameter/Konstante braucht Quelle oder Wertbegruendung;WAHR;WAHR
AMM Fringe Condition Gap;auxiliary;EUR/km2;Urban Rent at Fringe - Agricultural Rent;Differenz zwischen urbaner Rente am AMM-Fringe und Agricultural Rent. Ein Wert nahe null zeigt, dass die Fringe-Bedingung erfźllt ist.;05_AMM_Budget_and_Housing_Demand;"Agricultural Rent; Urban Rent at Fringe";;2;0;low;;;;;;;todo;low;"technisch extrahiert; vermutlich nur bei Bedarf vertiefen";FALSCH;FALSCH
Additional Urban Land Needed for Clearing;auxiliary;km2;Household Clearing Gap * Land Demand per Household q;ZusŠtzliche urbane FlŠche, die benštigt wźrde, um den Household Clearing Gap vollstŠndig zu schliessen.;09_Urban_Land_Conversion_Logic;"Household Clearing Gap; Land Demand per Household q";;2;0;low;;;;;;;todo;low;"technisch extrahiert; vermutlich nur bei Bedarf vertiefen";FALSCH;FALSCH
Aggricultural Land Requirement;auxiliary;km2;"""Target Value: Populational Need of Kcal in Km2"" - Aggricultural Land";Differenz zwischen der benštigten landwirtschaftlichen FlŠche fźr den Kalorienbedarf und der aktuell vorhandenen Aggricultural Land.;08_Agriculture_and_Scarcity;"Aggricultural Land; Target Value: Populational Need of Kcal in Km2";;2;0;low;;;;;;;todo;low;"technisch extrahiert; vermutlich nur bei Bedarf vertiefen";FALSCH;FALSCH
Agricultural Scarcity Index;auxiliary;Dmnl;"ZIDZ( ""Target Value: Populational Need of Kcal in Km2"", Aggricultural Land )";"Agricultural Scarcity Index
 
 Dimensionsloser Knappheitsindex der landwirtschaftlichen FlŠche.
 
 Ein Wert von 1 bedeutet, dass die benštigte FlŠche ungefŠhr der
 verfźgbaren Aggricultural Land entspricht.
 
 Werte źber 1 deuten auf Knappheit hin.";08_Agriculture_and_Scarcity;"Aggricultural Land; Target Value: Populational Need of Kcal in Km2";"Reference Agricultural Scarcity Index; Relative Agricultural Scarcity";2;2;low;;;;;;;todo;low;"technisch extrahiert; vermutlich nur bei Bedarf vertiefen";FALSCH;FALSCH
Cobb Douglas Utility Index;auxiliary;Dmnl;(Relative Other Consumption per Household ^ (1 - Housing Preference Share Alpha)) * (Relative Land Demand per Household ^ Housing Preference Share Alpha);"Cobb Douglas Utility Index
 
 Dimensionsloser Nutzenindex auf Basis einer Cobb-Douglas-Logik.
 
 Der Index kombiniert relativen sonstigen Konsum und relative
 Landnachfrage pro Haushalt.
 
 Ein Wert von 1 entspricht dem Nutzen im Startzustand.
 Werte źber 1 zeigen eine Verbesserung gegenźber dem Startzustand,
 Werte unter 1 eine Verschlechterung.";07_Cobb_Douglas_Utility;"Housing Preference Share Alpha; Relative Land Demand per Household; Relative Other Consumption per Household";;3;0;low;;;;;;;todo;low;"technisch extrahiert; vermutlich nur bei Bedarf vertiefen";FALSCH;FALSCH
Commuters per Household;auxiliary;Person/Household;Commuting Share of Employed Persons * Employment Share of Total Population * Mean Household Size;"Commuters per Household
 
 Berechnete Anzahl pendelnder Personen pro Haushalt.
 
 Die Variable kombiniert Haushaltsgršsse, Erwerbsquote und
 Pendleranteil. Sie bestimmt, wie stark Transportkosten auf
 einen durchschnittlichen Haushalt wirken.Commuters per Household
 
 Berechnete Anzahl pendelnder Personen pro Haushalt.
 
 Die Variable kombiniert Haushaltsgršsse, Erwerbsquote und
 Pendleranteil. Sie bestimmt, wie stark Transportkosten auf
 einen durchschnittlichen Haushalt wirken.";02_Transport_and_Commuting;"Commuting Share of Employed Persons; Employment Share of Total Population; Mean Household Size";Transport Cost per km per Household;3;1;low;;;;;;;todo;low;"technisch extrahiert; vermutlich nur bei Bedarf vertiefen";FALSCH;FALSCH
Current Fringe Rent Gap;auxiliary;EUR/km2;MAX(0, Mean Urban Rent - Agricultural Rent);"Current Fringe Rent Gap
 
 Positive Differenz zwischen urbaner Miete und landwirtschaftlicher Rente.
 
 Wenn Mean Urban Rent hšher ist als Agricultural Rent, entsteht
 škonomischer Druck zur Umwandlung von landwirtschaftlicher in
 urbane FlŠche.
 
 Wenn Agricultural Rent hšher ist, wird der Gap auf 0 gesetzt.";09_Urban_Land_Conversion_Logic;"Agricultural Rent; Mean Urban Rent";Rent Gap Pressure Factor;2;1;low;;;;;;;todo;low;"technisch extrahiert; vermutlich nur bei Bedarf vertiefen";FALSCH;FALSCH
Current Urban Land per Household;auxiliary;km2/Household;ZIDZ(Urban Land, Number of Households);"Current Urban Land per Household
 
 Aktuell verfźgbare urbane FlŠche pro Haushalt.
 
 Diese Variable zeigt, wie viel urbane FlŠche im Durchschnitt
 auf einen Haushalt entfŠllt. Sie ist der zentrale Input fźr
 den Land Tightness Index.";04_Urban_Rent_and_Land_Tightness;"Number of Households; Urban Land";Land Tightness Index;2;1;low;;;;;;;todo;low;"technisch extrahiert; vermutlich nur bei Bedarf vertiefen";FALSCH;FALSCH
Current Urban Radius;auxiliary;km;SQRT(Urban Land / 3.141);Aktueller Radius der urbanen FlŠche. Die urbane FlŠche wird vereinfacht als kreisfšrmig interpretiert.;04_Urban_Rent_and_Land_Tightness;Urban Land;Urban Rent at Current Fringe;1;1;low;;;;;;;todo;low;"technisch extrahiert; vermutlich nur bei Bedarf vertiefen";FALSCH;FALSCH
Desired Mean Household Size;auxiliary;Person/Household;Long Run Mean Household Size;"Desired Mean Household Size
 
 Gewźnschte bzw. angestrebte Haushaltsgršsse.
 In dieser Modellversion entspricht sie direkt dem
 langfristigen Zielwert Long Run Mean Household Size.";01_Population_Household;"Long Run Mean Household Size; Mean Household Size";Mean Household Size Change;2;1;low;;;;;;;todo;low;"technisch extrahiert; vermutlich nur bei Bedarf vertiefen";FALSCH;FALSCH
Desired Transport Cost per km;auxiliary;EUR/km;Long Run Transport Cost per km;"Desired Transport Cost per km
 
 Gewźnschter Zielwert der Transportkosten pro Kilometer.
 In dieser Modellversion entspricht er direkt dem langfristigen
 Transportkostenwert.";02_Transport_and_Commuting;"Long Run Transport Cost per km; Transport Cost per km";Transport Cost per km Change;2;1;low;;;;;;;todo;low;"technisch extrahiert; vermutlich nur bei Bedarf vertiefen";FALSCH;FALSCH
Desired Urban Land;auxiliary;km2;3.141 * (Urban Fringe Radius ^ 2);Gewźnschte urbane FlŠche der synthetischen AMM-Stadt. Sie wird aus dem theoretischen Urban Fringe Radius berechnet.;05_AMM_Budget_and_Housing_Demand;Urban Fringe Radius;"Desired Urban Land Total; Reference Initial Desired Urban Land; Urban Aggregate Scale Factor; Urban Land Gap";1;4;low;;;;;;;todo;low;"technisch extrahiert; vermutlich nur bei Bedarf vertiefen";FALSCH;FALSCH
Disposable Income after Transport;auxiliary;EUR/Household;MAX(0, Mean Household Income - Transport Cost per Household );"Disposable Income after Transport
 
 Verfźgbares Haushaltseinkommen nach Abzug der Transportkosten.
 
 Die MAX-Funktion verhindert negative Werte. Diese Variable
 wird spŠter in der AMM-Budgetlogik auf Wohnen und sonstigen
 Konsum aufgeteilt.";"03_Income_and_Productivity; 05_AMM_Budget_and_Housing_Demand";"Mean Household Income; Transport Cost per Household";"Housing Land Expenditure; Other Consumption Per Household z";2;2;low;;;;;;;todo;low;"technisch extrahiert; vermutlich nur bei Bedarf vertiefen";FALSCH;FALSCH
Economic Pressure;auxiliary;Dmnl;1 + (Import Dependence ^ 2);"Economic Pressure
 
 Dimensionsloser Druckfaktor aus Import Dependence.
 
 Je stŠrker die Unterdeckung der Nahrungsmittelproduktion ist,
 desto hšher wird dieser Druckfaktor. Er kann spŠter in der
 Land-Conversion-Logik verwendet werden.";08_Agriculture_and_Scarcity;Import Dependence;;1;0;low;;;;;;;todo;low;"technisch extrahiert; vermutlich nur bei Bedarf vertiefen";FALSCH;FALSCH
Equivalent Number of Large Cities;auxiliary;Dmnl;Urban Population Total * (Share Large City / Representative Large City Size );Modellierte Šquivalente Anzahl kleiner StŠdte. Die urbane Bevšlkerung dieser Gršssenklasse wird durch eine reprŠsentative Stadtgršsse geteilt. Es handelt sich nicht um eine echte gezŠhlte Anzahl StŠdte, sondern um eine vereinfachte Modellgršsse.;11_Innovation_and_City_Size;"Representative Large City Size; Share Large City; Urban Population Total";Innovation Large;3;1;low;;;;;;;todo;low;"technisch extrahiert; vermutlich nur bei Bedarf vertiefen";FALSCH;FALSCH
Equivalent Number of Medium Cities;auxiliary;Dmnl;Urban Population Total * (Share Medium City / Representative Medium City Size );Modellierte Šquivalente Anzahl kleiner StŠdte. Die urbane Bevšlkerung dieser Gršssenklasse wird durch eine reprŠsentative Stadtgršsse geteilt. Es handelt sich nicht um eine echte gezŠhlte Anzahl StŠdte, sondern um eine vereinfachte Modellgršsse.;11_Innovation_and_City_Size;"Representative Medium City Size; Share Medium City; Urban Population Total";Innovation Medium;3;1;low;;;;;;;todo;low;"technisch extrahiert; vermutlich nur bei Bedarf vertiefen";FALSCH;FALSCH
Equivalent Number of Small Cities;auxiliary;Dmnl;Urban Population Total * (Share Small City / Representative Small City Size );Modellierte Šquivalente Anzahl kleiner StŠdte. Die urbane Bevšlkerung dieser Gršssenklasse wird durch eine reprŠsentative Stadtgršsse geteilt. Es handelt sich nicht um eine echte gezŠhlte Anzahl StŠdte, sondern um eine vereinfachte Modellgršsse.;11_Innovation_and_City_Size;"Representative Small City Size; Share Small City; Urban Population Total";Innovation Small;3;1;low;;;;;;;todo;low;"technisch extrahiert; vermutlich nur bei Bedarf vertiefen";FALSCH;FALSCH
Equivalent Number of Very Large Cities;auxiliary;Dmnl;Urban Population Total * (Share very Large City / Representative Very Large City Size);Modellierte Šquivalente Anzahl kleiner StŠdte. Die urbane Bevšlkerung dieser Gršssenklasse wird durch eine reprŠsentative Stadtgršsse geteilt. Es handelt sich nicht um eine echte gezŠhlte Anzahl StŠdte, sondern um eine vereinfachte Modellgršsse.;11_Innovation_and_City_Size;"Representative Very Large City Size; Share very Large City; Urban Population Total";Innovation very Large;3;1;low;;;;;;;todo;low;"technisch extrahiert; vermutlich nur bei Bedarf vertiefen";FALSCH;FALSCH
Household Capacity of Current Urban Land;auxiliary;Household;Urban Land / Land Demand per Household q;Anzahl Haushalte, die bei aktueller Urban Land und aktuellem Land Demand per Household theoretisch Platz hŠtten.;09_Urban_Land_Conversion_Logic;"Land Demand per Household q; Urban Land";Household Clearing Gap;2;1;low;;;;;;;todo;low;"technisch extrahiert; vermutlich nur bei Bedarf vertiefen";FALSCH;FALSCH
Household Clearing Gap;auxiliary;Household;MAX( 0, Number of Households - Household Capacity of Current Urban Land );Positive Differenz zwischen benštigter Haushaltszahl und der KapazitŠt der aktuellen urbanen FlŠche. Negative Werte werden auf null gesetzt.;09_Urban_Land_Conversion_Logic;"Household Capacity of Current Urban Land; Number of Households; Urban Land";Additional Urban Land Needed for Clearing;3;1;low;;;;;;;todo;low;"technisch extrahiert; vermutlich nur bei Bedarf vertiefen";FALSCH;FALSCH
Household Scaling Factor;auxiliary;Dmnl;Number of Households / Reference Initial Number of Households;Relativer Skalierungsfaktor der Haushaltszahl. Er sorgt dafźr, dass die gewźnschte urbane FlŠche mit der Anzahl Haushalte wŠchst.;05_AMM_Budget_and_Housing_Demand;"Number of Households; Reference Initial Number of Households";Desired Urban Land Total;2;1;low;;;;;;;todo;low;"technisch extrahiert; vermutlich nur bei Bedarf vertiefen";FALSCH;FALSCH
Housing Land Expenditure;auxiliary;EUR/Household;Housing Preference Share Alpha * Disposable Income after Transport;"Housing Land Expenditure
 
 Wohn- bzw. Landbudget eines durchschnittlichen Haushalts.
 
 Die Variable ergibt sich aus dem verfźgbaren Haushaltseinkommen
 multipliziert mit dem Housing Preference Share Alpha.
 
 Sie bestimmt, wie viel ein Haushalt fźr urbane Landnutzung
 ausgeben kann.";"04_Urban_Rent_and_Land_Tightness; 05_AMM_Budget_and_Housing_Demand";"Disposable Income after Transport; Housing Preference Share Alpha";"Initial Mean Urban Rent; Land Demand per Household q";2;2;low;;;;;;;todo;low;"technisch extrahiert; vermutlich nur bei Bedarf vertiefen";FALSCH;FALSCH
Import Dependence;auxiliary;Dmnl;ZIDZ(Population kcal demand, Food Production);"Import Dependence
 
 Dimensionsloser Indikator fźr die AbhŠngigkeit von externer
 Nahrungsmittelversorgung.
 
 Ein Wert von 1 bedeutet, dass die modellierte Food Production
 den Kalorienbedarf deckt. Werte źber 1 zeigen eine Unterdeckung.";08_Agriculture_and_Scarcity;"Food Production; Population kcal demand";Economic Pressure;2;1;low;;;;;;;todo;low;"technisch extrahiert; vermutlich nur bei Bedarf vertiefen";FALSCH;FALSCH
Initial Mean Urban Rent;auxiliary;EUR/km2;INITIAL( Housing Land Expenditure / Reference Initial Land Demand per Household );"Initial Mean Urban Rent
 
 Startwert der mittleren urbanen Miete.
 
 Der Wert wird aus dem anfŠnglichen Wohnbudget pro Haushalt
 und der anfŠnglichen Referenz-Landnachfrage pro Haushalt
 berechnet.";04_Urban_Rent_and_Land_Tightness;"Housing Land Expenditure; Reference Initial Land Demand per Household";"Desired Mean Urban Rent; Mean Urban Rent";2;2;low;;;;;;;todo;low;"technisch extrahiert; vermutlich nur bei Bedarf vertiefen";FALSCH;FALSCH
Land Tightness Index;auxiliary;Dmnl;ZIDZ( Reference Initial Land Demand per Household, Current Urban Land per Household );"Land Tightness Index
 
 Dimensionsloser Knappheitsindex fźr urbane FlŠche.
 
 Ein Wert von 1 bedeutet, dass die aktuelle urbane FlŠche pro
 Haushalt dem Referenzwert entspricht.
 
 Werte źber 1 bedeuten hšhere Knappheit und erzeugen Druck
 auf die urbane Miete.";04_Urban_Rent_and_Land_Tightness;"Current Urban Land per Household; Land per Household; Reference Initial Land Demand per Household; Urban Land";Desired Mean Urban Rent;4;1;low;;;;;;;todo;low;"technisch extrahiert; vermutlich nur bei Bedarf vertiefen";FALSCH;FALSCH
Land per Household;auxiliary;km2/Household;Land per Capita * Mean Household Size;Referenzwert fźr Landbedarf pro Haushalt. Er ergibt sich aus Land per Capita multipliziert mit Mean Household Size.;05_AMM_Budget_and_Housing_Demand;"Land per Capita; Mean Household Size";Land Tightness Index;2;1;low;;;;;;;todo;low;"technisch extrahiert; vermutlich nur bei Bedarf vertiefen";FALSCH;FALSCH
Reference Agricultural Scarcity Index;auxiliary;Dmnl;INITIAL(Agricultural Scarcity Index);"Reference Agricultural Scarcity Index
 
 Referenzwert des Agricultural Scarcity Index zu Beginn
 der Simulation.
 
 Dieser Wert dient dazu, spŠtere Knappheit relativ zum
 Startzustand zu interpretieren.";08_Agriculture_and_Scarcity;Agricultural Scarcity Index;Relative Agricultural Scarcity;1;1;low;;;;;;;todo;low;"technisch extrahiert; vermutlich nur bei Bedarf vertiefen";FALSCH;FALSCH
Reference Initial Desired Urban Land;auxiliary;km2;INITIAL(Desired Urban Land);Initialer Referenzwert der Desired Urban Land. Dieser Wert wird fźr die Skalierung der synthetischen AMM-Stadt verwendet.;05_AMM_Budget_and_Housing_Demand;"Desired Urban Land; Urban Land";Urban Aggregate Scale Factor;2;1;low;;;;;;;todo;low;"technisch extrahiert; vermutlich nur bei Bedarf vertiefen";FALSCH;FALSCH
Reference Initial Number of Households;auxiliary;Household;INITIAL(Number of Households);Initialer Referenzwert der Anzahl Haushalte. Er wird verwendet, um die Entwicklung der Haushaltszahl relativ zum Startjahr abzubilden.;05_AMM_Budget_and_Housing_Demand;Number of Households;Household Scaling Factor;1;1;low;;;;;;;todo;low;"technisch extrahiert; vermutlich nur bei Bedarf vertiefen";FALSCH;FALSCH
Reference Initial Urban Land;auxiliary;km2;INITIAL(Urban Land);"Reference Initial Urban Land
 
 Referenzwert der urbanen FlŠche zu Beginn der Simulation.
 
 Dieser Wert wird verwendet, um relative VerŠnderungen der
 urbanen FlŠche zu berechnen und spŠtere Skalierungsfaktoren
 zu bilden.";"05_AMM_Budget_and_Housing_Demand; Macro_Ebene";Urban Land;"Urban Aggregate Scale Factor; Urban Land Index";1;2;low;;;;;;;todo;low;"technisch extrahiert; vermutlich nur bei Bedarf vertiefen";FALSCH;FALSCH
Reference Other Consumption Per Household;auxiliary;EUR/Household;INITIAL(Other Consumption Per Household z);"Reference Other Consumption Per Household
 
 Referenzwert des sonstigen Konsums pro Haushalt zu Beginn
 der Simulation.
 
 Dieser Wert wird verwendet, um den aktuellen Konsum relativ
 zum Startzustand zu messen.";07_Cobb_Douglas_Utility;Other Consumption Per Household z;Relative Other Consumption per Household;1;1;low;;;;;;;todo;low;"technisch extrahiert; vermutlich nur bei Bedarf vertiefen";FALSCH;FALSCH
Relative Agricultural Scarcity;auxiliary;Dmnl;ZIDZ( Agricultural Scarcity Index, Reference Agricultural Scarcity Index );"Relative Agricultural Scarcity
 
 Relative landwirtschaftliche Knappheit gegenźber dem Startzustand.
 
 Ein Wert von 1 entspricht der anfŠnglichen Knappheit.
 Werte źber 1 zeigen zunehmende Knappheit.";08_Agriculture_and_Scarcity;"Agricultural Scarcity Index; Reference Agricultural Scarcity Index";Desired Agricultural Rent;2;1;low;;;;;;;todo;low;"technisch extrahiert; vermutlich nur bei Bedarf vertiefen";FALSCH;FALSCH
Relative Land Demand per Household;auxiliary;Dmnl;ZIDZ( Land Demand per Household q, Reference Initial Land Demand per Household );"Relative Land Demand per Household
 
 Dimensionsloser Index der Landnachfrage pro Haushalt.
 
 Ein Wert von 1 bedeutet, dass die Landnachfrage pro Haushalt
 dem Startwert entspricht. Werte źber 1 zeigen eine hšhere,
 Werte unter 1 eine tiefere Landnachfrage.";"05_AMM_Budget_and_Housing_Demand; 07_Cobb_Douglas_Utility";"Land Demand per Household q; Reference Initial Land Demand per Household";Cobb Douglas Utility Index;2;1;low;;;;;;;todo;low;"technisch extrahiert; vermutlich nur bei Bedarf vertiefen";FALSCH;FALSCH
Relative Other Consumption per Household;auxiliary;Dmnl;ZIDZ( Other Consumption Per Household z, Reference Other Consumption Per Household );"Relative Other Consumption per Household
 
 Dimensionsloser Index des sonstigen Konsums pro Haushalt.
 
 Ein Wert von 1 bedeutet, dass der sonstige Konsum dem
 Startwert entspricht. Werte źber 1 zeigen hšheren Konsum,
 Werte unter 1 tieferen Konsum.";07_Cobb_Douglas_Utility;"Other Consumption Per Household z; Reference Other Consumption Per Household";Cobb Douglas Utility Index;2;1;low;;;;;;;todo;low;"technisch extrahiert; vermutlich nur bei Bedarf vertiefen";FALSCH;FALSCH
Rent Gap Pressure Factor;auxiliary;Dmnl;1 + ZIDZ(Current Fringe Rent Gap, Agricultural Rent);"Rent Gap Pressure Factor
 
 Dimensionsloser Druckfaktor aus der Rentendifferenz.
 
 Wenn die urbane Miete deutlich źber der landwirtschaftlichen Rente
 liegt, steigt der Druck zur Landumwandlung.";09_Urban_Land_Conversion_Logic;"Agricultural Rent; Current Fringe Rent Gap";;2;0;low;;;;;;;todo;low;"technisch extrahiert; vermutlich nur bei Bedarf vertiefen";FALSCH;FALSCH
Soil Protection;auxiliary;Dmnl;Spatial Planning * Soil Protection Factor;Dimensionsloser Boden- beziehungsweise FlŠchenschutzindex aus Spatial Planning und Soil Protection Factor.;10_Soil_Protection_and_Agricultural_Pressure;"Soil Protection Factor; Spatial Planning";Soil Protection Effect;2;1;low;;;;;;;todo;low;"technisch extrahiert; vermutlich nur bei Bedarf vertiefen";FALSCH;FALSCH
Soil Protection Effect;auxiliary;Dmnl;MAX(Max Ceiling Soil Protection, 1 / Soil Protection);Begrenzungsfaktor der Boden- und FlŠchenschutzlogik. Der Effekt reduziert die mšgliche Landumwandlung, wird aber durch Max Ceiling Soil Protection begrenzt.;10_Soil_Protection_and_Agricultural_Pressure;"Max Ceiling Soil Protection; Soil Protection";;2;0;low;;;;;;;todo;low;"technisch extrahiert; vermutlich nur bei Bedarf vertiefen";FALSCH;FALSCH
Spatial Planning;auxiliary;Dmnl;Urban Land Index * Spatial Planing Factor;Planungsindex aus Urban Land Index und Spacial Planing Factor.;10_Soil_Protection_and_Agricultural_Pressure;"Spatial Planing Factor; Urban Land; Urban Land Index";Soil Protection;3;1;low;;;;;;;todo;low;"technisch extrahiert; vermutlich nur bei Bedarf vertiefen";FALSCH;FALSCH
Target Value: Populational Need of Kcal in Km2;auxiliary;km2;ZIDZ(Population kcal demand, Yield);"Target Value: Populational Need of Kcal in Km2
 
 Benštigte landwirtschaftliche FlŠche, um den jŠhrlichen
 Kalorienbedarf der Bevšlkerung zu decken.
 
 Die Variable ergibt sich aus dem gesamten Kalorienbedarf
 geteilt durch den Ertrag pro km2.";08_Agriculture_and_Scarcity;"Population kcal demand; Yield";"Aggricultural Land Requirement; Agricultural Scarcity Index";2;2;low;;;;;;;todo;low;"technisch extrahiert; vermutlich nur bei Bedarf vertiefen";FALSCH;FALSCH
Time for Lookup;auxiliary;Dmnl;Time / Year Unit;"Time for Lookup
 
 Dimensionslose Zeitvariable fźr Lookup-Funktionen.
 
 Da Vensim Lookup-Argumente dimensionslos erwartet, wird Time
 durch Year Unit geteilt.";01_Population_Household;Year Unit;Expected Population;1;1;low;;;;;;;todo;low;"technisch extrahiert; vermutlich nur bei Bedarf vertiefen";FALSCH;FALSCH
Transport Cost per Household;auxiliary;EUR/Household;Average Commuting Distance * Transport Cost per km per Household;"Transport Cost per Household
 
 JŠhrliche Transportkosten eines durchschnittlichen Haushalts.
 
 Diese Variable wird spŠter in der AMM-Budgetlogik vom
 Haushaltseinkommen abgezogen und beeinflusst dadurch die
 verfźgbare Wohn- und Konsumnachfrage.";"02_Transport_and_Commuting; 03_Income_and_Productivity";"Average Commuting Distance; Transport Cost per km; Transport Cost per km per Household";Disposable Income after Transport;3;1;low;;;;;;;todo;low;"technisch extrahiert; vermutlich nur bei Bedarf vertiefen";FALSCH;FALSCH
Transport Cost per km per Capita;auxiliary;EUR/km/Person;2 * Average Workdays per Capita * Transport Cost per km;"Transport Cost per km per Capita
 
 JŠhrliche Transportkosten pro Kilometer und Person.
 Der Faktor 2 berźcksichtigt Hin- und Rźckweg.
 
 Diese Variable źbersetzt die Transportkosten pro Kilometer
 in eine jŠhrliche Belastung pro pendelnder Person.";02_Transport_and_Commuting;"Average Workdays per Capita; Transport Cost per km";Transport Cost per km per Household;2;1;low;;;;;;;todo;low;"technisch extrahiert; vermutlich nur bei Bedarf vertiefen";FALSCH;FALSCH
Urban Land Index;auxiliary;Dmnl;ZIDZ( Urban Land, Reference Initial Urban Land );"Urban Land Index
 
 Dimensionsloser Index der urbanen FlŠche.
 
 Ein Wert von 1 bedeutet, dass Urban Land dem Startwert entspricht.
 Werte źber 1 zeigen eine Zunahme der urbanen FlŠche gegenźber
 dem Startzustand.";"10_Soil_Protection_and_Agricultural_Pressure; Macro_Ebene";"Initial Urban Land; Reference Initial Urban Land; Urban Land";Spatial Planning;3;1;low;;;;;;;todo;low;"technisch extrahiert; vermutlich nur bei Bedarf vertiefen";FALSCH;FALSCH
Urban Land Required for Households;auxiliary;km2;Land Demand per Household q * Number of Households;Direkter urbaner FlŠchenbedarf der Haushalte ohne AMM-Fringe-Skalierung.;05_AMM_Budget_and_Housing_Demand;"Land Demand per Household q; Number of Households";;2;0;low;;;;;;;todo;low;"technisch extrahiert; vermutlich nur bei Bedarf vertiefen";FALSCH;FALSCH
Average Commuting Distance;constant;km;14;"Average Commuting Distance
 
 Durchschnittliche Pendeldistanz.
 Diese Distanz wird mit den jŠhrlichen Transportkosten pro
 Kilometer und Haushalt multipliziert.";02_Transport_and_Commuting;;Transport Cost per Household;0;1;low;;;;;;;todo;low;"technisch extrahiert; vermutlich nur bei Bedarf vertiefen";FALSCH;FALSCH
Average Workdays per Capita;constant;Dmnl/Person;230;"Average Workdays per Capita
 
 Annualisierungsfaktor fźr die Transportkosten.
 Der Wert gibt an, wie viele Arbeitstage bzw. Pendeltage
 pro Person und Jahr angenommen werden.
 
 Der Faktor 2 in der Transportkostenrechnung steht fźr
 Hin- und Rźckweg.";02_Transport_and_Commuting;;Transport Cost per km per Capita;0;1;low;;;;;;;todo;low;"technisch extrahiert; vermutlich nur bei Bedarf vertiefen";FALSCH;FALSCH
Long Run Mean Household Size;constant;Person/Household;2.2;"Long Run Mean Household Size
 
 Langfristig angenommene durchschnittliche Haushaltsgršsse.
 Dieser Wert dient als Zielwert, dem sich Mean Household Size
 źber die Zeit annŠhert.";01_Population_Household;;Desired Mean Household Size;0;1;low;;;;;;;todo;low;"technisch extrahiert; vermutlich nur bei Bedarf vertiefen";FALSCH;FALSCH
Representative Large City Size;constant;Dmnl;866000;ReprŠsentative Stadtgršsse der grossen Stadtklasse. Der Wert wird zur Approximation der Anzahl grosser StŠdte und ihres Innovationsbeitrags verwendet.;11_Innovation_and_City_Size;;"Equivalent Number of Large Cities; Innovation Large";0;2;low;;;;;;;todo;low;"technisch extrahiert; vermutlich nur bei Bedarf vertiefen";FALSCH;FALSCH
Representative Medium City Size;constant;Dmnl;316000;ReprŠsentative Stadtgršsse der mittleren Stadtklasse. Der Wert wird zur Approximation der Anzahl mittlerer StŠdte und ihres Innovationsbeitrags verwendet.;11_Innovation_and_City_Size;;"Equivalent Number of Medium Cities; Innovation Medium";0;2;low;;;;;;;todo;low;"technisch extrahiert; vermutlich nur bei Bedarf vertiefen";FALSCH;FALSCH
Representative Small City Size;constant;Dmnl;100000;ReprŠsentative Stadtgršsse der kleinen Stadtklasse. Der Wert wird zur Approximation der Anzahl kleiner StŠdte und ihres Innovationsbeitrags verwendet.;11_Innovation_and_City_Size;;"Equivalent Number of Small Cities; Innovation Small";0;2;low;;;;;;;todo;low;"technisch extrahiert; vermutlich nur bei Bedarf vertiefen";FALSCH;FALSCH
Representative Very Large City Size;constant;Dmnl;2.5e+06;ReprŠsentative Stadtgršsse der sehr grossen Stadtklasse. Der Wert wird zur Approximation der Anzahl sehr grosser StŠdte und ihres Innovationsbeitrags verwendet.;11_Innovation_and_City_Size;;"Equivalent Number of Very Large Cities; Innovation very Large";0;2;low;;;;;;;todo;low;"technisch extrahiert; vermutlich nur bei Bedarf vertiefen";FALSCH;FALSCH
Year Unit;constant;Year;1;"Year Unit
 
 Technische Hilfsvariable zur Umwandlung von Time in einen
 dimensionslosen Wert fźr Lookup-Funktionen.";01_Population_Household;;Time for Lookup;0;1;low;;;;;;;todo;low;"technisch extrahiert; vermutlich nur bei Bedarf vertiefen";FALSCH;FALSCH